carreira;origem;destino;tempo
01; 183; 791; 0.09
01; 791; 595; 0.70
01; 595; 182; 0.42
01; 182; 499; 2.00
01; 499; 593; 0.25
01; 593; 181; 1.73
01; 181; 180; 0.13
01; 180; 594; 0.51
01; 594; 185; 0.49
01; 185; 89; 0.41
01; 89; 107; 0.66
01; 107; 250; 0.20
01; 250; 261; 0.36
01; 261; 597; 0.70
01; 597; 953; 0.07
01; 953; 609; 0.15
01; 609; 242; 0.78
01; 242; 255; 0.03
01; 255; 604; 1.37
01; 604; 628; 1.05
01; 628; 39; 0.93
01; 39; 50; 0.95
01; 50; 599; 1.72
01; 599; 40; 0.78
01; 40; 985; 0.34
01; 985; 608; 0.02
01; 608; 249; 1.32
01; 249; 254; 0.16
01; 254; 622; 1.60
01; 622; 51; 0.59
01; 51; 44; 0.60
01; 44; 251; 1.62
01; 251; 38; 2.19
01; 38; 620; 0.30
01; 620; 45; 0.01
01; 45; 614; 1.03
01; 614; 46; 0.02
01; 46; 42; 0.08
01; 42; 600; 0.02
01; 600; 602; 1.16
01; 602; 601; 0.01
01; 601; 48; 0.69
01; 48; 49; 0.06
01; 49; 612; 0.45
01; 612; 613; 0.02
01; 613; 611; 0.19
01; 611; 610; 0.01
01; 610; 336; 1.14
01; 336; 357; 0.10
01; 357; 334; 0.10
01; 334; 339; 0.13
01; 339; 347; 0.07
01; 347; 86; 0.15
01; 86; 85; 0.02
01; 85; 341; 0.16
01; 341; 342; 0.03
01; 342; 365; 0.21
01; 365; 366; 0.01
01; 366; 460; 0.28
01; 460; 468; 0.07
01; 468; 485; 0.16
01; 485; 486; 0.02
01; 486; 487; 0.17
01; 487; 488; 0.04
01; 488; 469; 0.20
01; 469; 462; 0.03
01; 462; 480; 0.14
01; 480; 494; 0.05
01; 494; 957; 0.11
01; 957; 465; 0.01
01; 465; 186; 0.67
01; 186; 466; 0.46
01; 466; 467; 0.02
01; 467; 78; 0.59
01; 78; 79; 0.28
02; 745; 736; 0.16
02; 736; 147; 0.23
02; 147; 156; 0.03
02; 156; 734; 0.31
02; 734; 161; 0.29
02; 161; 162; 0.03
02; 162; 172; 0.58
02; 172; 171; 0.01
02; 171; 595; 3.08
02; 595; 594; 0.27
02; 594; 185; 0.49
02; 185; 107; 0.26
02; 107; 237; 0.58
02; 237; 250; 0.39
02; 250; 261; 0.36
02; 261; 597; 0.70
02; 597; 953; 0.07
02; 953; 248; 1.01
02; 248; 244; 0.63
02; 244; 245; 0.02
02; 245; 243; 0.35
02; 243; 247; 0.23
02; 247; 609; 1.04
02; 609; 799; 2.52
02; 799; 599; 2.48
02; 599; 1010; 2.73
02; 1010; 246; 1.57
02; 246; 260; 0.02
02; 260; 227; 1.63
02; 227; 230; 0.33
02; 230; 234; 0.26
02; 234; 224; 0.26
02; 224; 239; 1.12
02; 239; 238; 0.01
02; 238; 226; 1.30
02; 226; 1001; 2.69
02; 1001; 607; 0.03
02; 607; 232; 2.46
02; 232; 52; 0.03
02; 52; 233; 0.13
02; 233; 231; 0.01
02; 231; 241; 0.96
02; 241; 240; 0.01
02; 240; 859; 1.23
02; 859; 858; 0.02
02; 858; 332; 1.37
02; 332; 331; 0.02
02; 331; 315; 0.76
02; 315; 312; 0.04
02; 312; 360; 1.85
02; 360; 313; 1.30
02; 313; 323; 0.03
02; 323; 351; 1.25
02; 351; 352; 0.12
02; 352; 339; 0.21
02; 339; 347; 0.07
02; 347; 86; 0.15
02; 86; 85; 0.02
02; 85; 341; 0.16
02; 341; 342; 0.03
02; 342; 346; 0.21
02; 346; 343; 0.05
02; 343; 345; 0.12
02; 345; 344; 0.04
02; 344; 363; 0.29
02; 363; 335; 0.02
02; 335; 457; 0.30
02; 457; 458; 0.09
02; 458; 490; 0.41
02; 490; 491; 0.05
02; 491; 56; 0.31
02; 56; 655; 0.01
02; 655; 654; 0.16
02; 654; 78; 0.09
02; 78; 80; 0.28
06; 745; 736; 0.16
06; 736; 147; 0.23
06; 147; 156; 0.03
06; 156; 161; 0.60
06; 161; 162; 0.03
06; 162; 172; 0.58
06; 172; 171; 0.01
06; 171; 799; 1.13
06; 799; 1010; 0.24
06; 1010; 227; 0.13
06; 227; 230; 0.33
06; 230; 234; 0.26
06; 234; 224; 0.26
06; 224; 226; 0.20
06; 226; 232; 0.28
06; 232; 52; 0.03
06; 52; 233; 0.13
06; 233; 231; 0.01
06; 231; 886; 1.81
06; 886; 473; 0.33
06; 473; 470; 0.02
06; 470; 483; 0.20
06; 483; 482; 0.01
06; 482; 476; 0.45
06; 476; 904; 0.02
06; 904; 472; 0.23
06; 472; 902; 0.05
06; 902; 893; 0.51
06; 893; 465; 0.08
06; 465; 186; 0.67
06; 186; 652; 0.32
06; 652; 6; 0.03
06; 6; 466; 0.77
06; 466; 9; 0.85
06; 9; 467; 0.86
06; 467; 78; 0.59
7; 183; 791; 0.09
7; 791; 595; 0.70
7; 595; 182; 0.42
7; 182; 181; 0.04
7; 181; 180; 0.13
7; 180; 594; 0.51
7; 594; 185; 0.49
7; 185; 89; 0.41
7; 89; 90; 0.03
7; 90; 107; 0.66
7; 107; 250; 0.20
7; 250; 597; 0.34
7; 597; 953; 0.07
7; 953; 609; 0.15
7; 609; 599; 0.08
7; 599; 1001; 0.38
7; 1001; 607; 0.03
10; 183; 791; 0.09
10; 791; 595; 0.70
10; 595; 182; 0.42
10; 182; 181; 0.04
10; 181; 180; 0.13
10; 180; 594; 0.51
10; 594; 185; 0.49
10; 185; 89; 0.41
10; 89; 107; 0.66
10; 107; 250; 0.20
10; 250; 261; 0.36
10; 261; 597; 0.70
10; 597; 953; 0.07
10; 953; 605; 0.28
10; 605; 606; 0.03
10; 606; 609; 0.30
10; 609; 82; 0.56
10; 82; 604; 0.06
10; 604; 628; 1.05
10; 628; 39; 0.93
10; 39; 50; 0.95
10; 50; 599; 1.72
10; 599; 40; 0.78
10; 40; 622; 0.19
10; 622; 51; 0.59
10; 51; 38; 0.05
10; 38; 620; 0.30
10; 620; 45; 0.01
10; 45; 602; 0.20
10; 602; 601; 0.01
10; 601; 860; 1.59
10; 860; 861; 0.04
10; 861; 359; 0.11
10; 359; 349; 0.03
10; 349; 29; 0.70
10; 29; 646; 0.17
10; 646; 642; 0.03
10; 642; 30; 0.21
10; 30; 17; 0.30
10; 17; 643; 0.50
10; 643; 20; 0.05
10; 20; 36; 0.46
10; 36; 638; 0.64
10; 638; 637; 0.02
10; 637; 361; 1.04
10; 361; 362; 0.03
10; 362; 37; 0.32
10; 37; 26; 0.01
10; 26; 27; 0.19
10; 27; 28; 0.03
10; 28; 641; 0.88
10; 641; 635; 0.06
10; 635; 679; 0.38
10; 679; 688; 0.04
10; 688; 675; 0.21
10; 675; 72; 0.05
10; 72; 75; 0.22
10; 75; 671; 0.02
10; 671; 657; 0.22
10; 657; 70; 0.10
10; 70; 526; 0.26
11; 859; 858; 0.02
11; 858; 360; 0.31
11; 360; 370; 0.40
11; 370; 351; 0.46
11; 351; 19; 0.61
11; 19; 371; 0.15
11; 371; 18; 0.17
11; 18; 352; 0.74
11; 352; 16; 0.84
11; 16; 339; 1.00
11; 339; 347; 0.07
11; 347; 362; 0.78
11; 362; 26; 0.32
11; 26; 27; 0.19
11; 27; 28; 0.03
11; 28; 86; 0.90
11; 86; 348; 0.76
11; 348; 85; 0.77
11; 85; 337; 0.51
11; 337; 338; 0.02
11; 338; 341; 0.43
11; 341; 342; 0.03
11; 342; 346; 0.21
11; 346; 345; 0.17
11; 345; 344; 0.04
11; 344; 363; 0.29
11; 363; 335; 0.02
11; 335; 492; 0.22
11; 492; 340; 0.03
11; 340; 468; 0.24
11; 468; 485; 0.16
11; 485; 486; 0.02
11; 486; 487; 0.17
11; 487; 488; 0.04
12; 712; 713; 0.02
12; 713; 714; 0.20
12; 714; 128; 0.04
12; 128; 745; 0.19
12; 745; 736; 0.16
12; 736; 147; 0.23
12; 147; 153; 0.27
12; 153; 149; 0.24
12; 149; 734; 0.05
12; 734; 159; 0.52
12; 159; 155; 0.04
12; 155; 741; 0.33
12; 741; 742; 0.02
12; 742; 686; 0.66
12; 686; 687; 0.01
12; 687; 87; 0.24
12; 87; 154; 0.03
12; 154; 709; 0.47
12; 709; 1014; 0.03
12; 1014; 68; 0.02
12; 68; 788; 0.29
12; 788; 170; 0.02
12; 170; 183; 1.28
12; 183; 791; 0.09
12; 791; 595; 0.70
12; 595; 182; 0.42
12; 182; 181; 0.04
12; 181; 180; 0.13
12; 180; 594; 0.51
12; 594; 185; 0.49
12; 185; 89; 0.41
12; 89; 90; 0.03
12; 90; 107; 0.66
12; 107; 250; 0.20
12; 250; 597; 0.34
12; 597; 953; 0.07
12; 953; 806; 1.34
12; 806; 609; 1.31
12; 609; 599; 0.08
12; 599; 860; 0.78
12; 860; 861; 0.04
12; 861; 359; 0.11
12; 359; 349; 0.03
12; 349; 643; 0.92
12; 643; 638; 0.19
12; 638; 637; 0.02
12; 637; 361; 1.04
12; 361; 362; 0.03
12; 362; 25; 0.83
12; 25; 37; 0.51
12; 37; 26; 0.01
12; 26; 24; 0.49
12; 24; 22; 0.31
12; 22; 27; 0.37
12; 27; 28; 0.03
12; 28; 34; 0.40
12; 34; 641; 0.49
12; 641; 635; 0.06
12; 635; 679; 0.38
12; 679; 688; 0.04
12; 688; 675; 0.21
12; 675; 72; 0.05
12; 72; 75; 0.22
12; 75; 671; 0.02
12; 671; 657; 0.22
12; 657; 70; 0.10
12; 70; 526; 0.26
13; 128; 745; 0.19
13; 745; 736; 0.16
13; 736; 147; 0.23
13; 147; 156; 0.03
13; 156; 734; 0.31
13; 734; 161; 0.29
13; 161; 162; 0.03
13; 162; 172; 0.58
13; 172; 171; 0.01
13; 171; 183; 2.46
13; 183; 791; 0.09
13; 791; 595; 0.70
13; 595; 182; 0.42
13; 182; 181; 0.04
13; 181; 180; 0.13
13; 180; 594; 0.51
13; 594; 185; 0.49
13; 185; 89; 0.41
13; 89; 90; 0.03
13; 90; 107; 0.66
13; 107; 250; 0.20
13; 250; 597; 0.34
13; 597; 953; 0.07
13; 953; 248; 1.01
13; 248; 243; 0.27
13; 243; 247; 0.23
13; 247; 609; 1.04
13; 609; 242; 0.78
13; 242; 255; 0.03
13; 255; 82; 1.31
13; 82; 604; 0.06
13; 604; 628; 1.05
13; 628; 799; 4.19
13; 799; 39; 3.26
13; 39; 50; 0.95
13; 50; 599; 1.72
13; 599; 40; 0.78
13; 40; 1010; 3.51
13; 1010; 246; 1.57
13; 246; 260; 0.02
13; 260; 985; 1.63
13; 985; 608; 0.02
13; 608; 249; 1.32
13; 249; 254; 0.16
13; 254; 227; 2.11
13; 227; 622; 3.71
13; 622; 230; 3.39
13; 230; 51; 3.98
13; 51; 44; 0.60
13; 44; 234; 3.64
13; 234; 38; 4.21
13; 38; 224; 3.96
13; 224; 620; 3.67
13; 620; 45; 0.01
13; 45; 614; 1.03
13; 614; 239; 1.51
13; 239; 238; 0.01
13; 238; 46; 1.52
13; 46; 226; 2.81
13; 226; 42; 2.89
13; 42; 600; 0.02
13; 600; 602; 1.16
13; 602; 601; 0.01
13; 601; 48; 0.69
13; 48; 49; 0.06
13; 49; 232; 3.06
13; 232; 52; 0.03
13; 52; 612; 2.63
13; 612; 613; 0.02
13; 613; 233; 2.65
13; 233; 231; 0.01
13; 231; 241; 0.96
13; 241; 240; 0.01
13; 240; 611; 1.78
13; 611; 610; 0.01
13; 610; 859; 0.55
13; 859; 858; 0.02
13; 858; 861; 0.07
13; 861; 332; 1.44
13; 332; 331; 0.02
13; 331; 315; 0.76
13; 315; 312; 0.04
13; 312; 313; 0.55
13; 313; 323; 0.03
13; 323; 351; 1.25
13; 351; 19; 0.61
13; 19; 371; 0.15
13; 371; 16; 0.27
13; 16; 339; 1.00
13; 339; 26; 1.05
13; 26; 27; 0.19
13; 27; 86; 0.93
13; 86; 338; 0.49
13; 338; 342; 0.41
13; 342; 345; 0.10
13; 345; 363; 0.33
13; 363; 492; 0.20
13; 492; 460; 0.21
13; 460; 468; 0.07
13; 468; 486; 0.15
13; 486; 487; 0.17
15; 706; 703; 0.03
15; 703; 719; 0.35
15; 719; 718; 0.03
15; 718; 728; 0.29
15; 728; 729; 0.02
15; 729; 724; 0.57
15; 724; 129; 0.03
15; 129; 763; 0.70
15; 763; 754; 0.04
15; 754; 183; 4.99
15; 183; 791; 0.09
15; 791; 595; 0.70
15; 595; 182; 0.42
15; 182; 181; 0.04
15; 181; 180; 0.13
15; 180; 594; 0.51
15; 594; 185; 0.49
15; 185; 89; 0.41
15; 89; 90; 0.03
15; 90; 107; 0.66
15; 107; 250; 0.20
15; 250; 597; 0.34
15; 597; 953; 0.07
15; 953; 248; 1.01
15; 248; 243; 0.27
15; 243; 247; 0.23
15; 247; 609; 1.04
15; 609; 242; 0.78
15; 242; 255; 0.03
15; 255; 82; 1.31
15; 82; 604; 0.06
15; 604; 798; 6.52
15; 798; 628; 7.57
15; 628; 799; 4.19
15; 799; 39; 3.26
15; 39; 50; 0.95
15; 50; 599; 1.72
15; 599; 40; 0.78
15; 40; 1010; 3.51
15; 1010; 246; 1.57
15; 246; 260; 0.02
15; 260; 985; 1.63
15; 985; 608; 0.02
15; 608; 249; 1.32
15; 249; 254; 0.16
15; 254; 205; 5.20
15; 205; 622; 6.80
15; 622; 230; 3.39
15; 230; 51; 3.98
15; 51; 44; 0.60
15; 44; 234; 3.64
15; 234; 38; 4.21
15; 38; 224; 3.96
15; 224; 620; 3.67
15; 620; 45; 0.01
15; 45; 614; 1.03
15; 614; 239; 1.51
15; 239; 238; 0.01
15; 238; 46; 1.52
15; 46; 226; 2.81
15; 226; 42; 2.89
15; 42; 600; 0.02
15; 600; 602; 1.16
15; 602; 601; 0.01
15; 601; 48; 0.69
15; 48; 192; 6.50
15; 192; 190; 0.02
15; 190; 49; 6.48
15; 49; 232; 3.06
15; 232; 52; 0.03
15; 52; 612; 2.63
15; 612; 613; 0.02
15; 613; 193; 6.05
15; 193; 233; 3.40
15; 233; 231; 0.01
15; 231; 241; 0.96
15; 241; 240; 0.01
15; 240; 611; 1.78
15; 611; 610; 0.01
15; 610; 286; 6.07
15; 286; 332; 4.15
15; 332; 331; 0.02
15; 331; 315; 0.76
15; 315; 312; 0.04
15; 312; 314; 0.10
15; 314; 292; 3.86
15; 292; 295; 0.02
15; 295; 313; 4.50
15; 313; 270; 4.74
15; 270; 293; 0.52
15; 293; 323; 4.21
15; 323; 291; 4.20
15; 291; 278; 0.64
15; 278; 280; 0.03
23; 706; 703; 0.03
23; 703; 100; 0.22
23; 100; 718; 0.24
23; 718; 729; 0.29
23; 729; 131; 0.30
23; 131; 129; 0.83
23; 129; 720; 0.57
101; 106; 711; 1.39
101; 711; 125; 0.02
101; 125; 1013; 1.41
101; 1013; 103; 0.20
101; 103; 127; 1.15
101; 127; 715; 0.04
101; 715; 102; 1.23
101; 102; 101; 0.03
101; 101; 134; 0.15
101; 134; 744; 1.00
101; 744; 135; 0.81
101; 135; 136; 0.02
101; 136; 152; 0.68
101; 152; 732; 0.23
101; 732; 740; 0.03
101; 740; 146; 0.16
101; 146; 737; 0.40
101; 737; 145; 0.44
101; 145; 160; 0.46
101; 160; 148; 0.19
101; 148; 733; 0.01
102; 711; 125; 0.02
102; 125; 127; 0.20
102; 127; 715; 0.04
102; 715; 744; 0.19
102; 744; 744; 0.00
102; 744; 152; 0.16
102; 152; 732; 0.23
102; 732; 733; 0.32
102; 733; 151; 0.05
102; 151; 743; 0.52
102; 743; 739; 0.04
102; 739; 158; 0.33
102; 158; 157; 0.02
102; 157; 84; 0.66
102; 84; 83; 0.01
102; 83; 690; 0.24
102; 690; 738; 0.03
102; 738; 708; 0.47
102; 708; 1015; 0.03
102; 1015; 1016; 0.02
102; 1016; 169; 0.29
102; 169; 789; 0.02
102; 789; 817; 1.24
102; 817; 815; 0.63
102; 815; 814; 0.02
102; 814; 813; 0.35
102; 813; 235; 0.08
102; 235; 816; 0.28
102; 816; 236; 0.11
102; 236; 223; 1.39
102; 223; 1009; 0.24
102; 1009; 801; 0.29
102; 801; 805; 0.26
102; 805; 808; 1.37
102; 808; 809; 0.01
102; 809; 800; 1.30
102; 800; 229; 0.68
102; 229; 803; 0.43
102; 803; 632; 0.03
102; 632; 804; 0.13
102; 804; 802; 0.01
102; 802; 811; 0.96
102; 811; 810; 0.01
102; 810; 841; 0.21
102; 841; 842; 0.02
102; 842; 837; 0.76
102; 837; 835; 0.04
102; 835; 836; 0.55
102; 836; 838; 0.03
102; 838; 454; 1.50
102; 454; 455; 0.01
102; 455; 453; 0.17
106; 711; 125; 0.02
106; 125; 127; 0.20
106; 127; 715; 0.04
106; 715; 744; 0.19
106; 744; 152; 0.16
106; 152; 732; 0.23
106; 732; 780; 1.17
106; 780; 752; 1.50
106; 752; 751; 0.01
106; 751; 779; 1.48
106; 779; 775; 0.95
106; 775; 776; 0.01
106; 776; 774; 0.87
106; 774; 773; 0.01
106; 773; 777; 0.55
106; 777; 778; 0.01
106; 778; 762; 1.12
106; 762; 756; 0.04
106; 756; 781; 1.46
106; 781; 785; 0.01
106; 785; 208; 1.67
106; 208; 797; 0.16
106; 797; 191; 0.30
106; 191; 795; 0.02
106; 795; 796; 0.17
106; 796; 828; 0.15
106; 828; 284; 0.38
106; 284; 285; 0.03
106; 285; 282; 0.17
106; 282; 283; 0.05
106; 283; 281; 0.30
106; 281; 294; 0.02
106; 294; 378; 0.35
106; 378; 379; 0.02
106; 379; 989; 0.31
106; 989; 869; 0.12
106; 869; 88; 2.84
106; 88; 419; 0.04
106; 419; 541; 2.72
106; 541; 542; 0.01
106; 542; 503; 0.41
106; 503; 516; 0.01
106; 516; 543; 0.15
106; 543; 10; 0.02
106; 10; 540; 0.28
106; 540; 518; 0.37
106; 518; 538; 0.28
106; 538; 310; 0.49
106; 310; 521; 0.32
106; 521; 505; 0.52
106; 505; 501; 0.26
106; 501; 967; 0.50
106; 967; 913; 0.11
106; 913; 577; 0.14
106; 577; 944; 0.36
106; 944; 969; 0.27
106; 969; 579; 0.48
106; 579; 581; 0.20
106; 581; 941; 0.18
106; 941; 576; 0.30
106; 576; 585; 0.16
106; 585; 584; 0.31
106; 584; 583; 0.01
108; 946; 590; 0.14
108; 590; 591; 0.46
108; 591; 592; 0.05
108; 592; 173; 1.07
108; 173; 174; 0.02
108; 174; 175; 0.59
108; 175; 176; 0.08
108; 176; 177; 0.32
108; 177; 178; 0.01
108; 178; 693; 0.23
108; 693; 692; 0.03
108; 692; 817; 0.19
108; 817; 813; 0.27
108; 813; 816; 0.23
108; 816; 236; 0.11
108; 236; 1009; 1.63
108; 1009; 801; 0.29
108; 801; 805; 0.26
108; 805; 808; 1.37
108; 808; 809; 0.01
108; 809; 800; 1.30
108; 800; 803; 0.28
108; 803; 632; 0.03
108; 632; 804; 0.13
108; 804; 802; 0.01
108; 802; 811; 0.96
108; 811; 810; 0.01
108; 810; 841; 0.21
108; 841; 842; 0.02
108; 842; 837; 0.76
108; 837; 835; 0.04
108; 835; 836; 0.55
108; 836; 838; 0.03
108; 838; 320; 1.33
108; 320; 324; 0.19
108; 324; 325; 0.02
108; 325; 317; 0.27
108; 317; 319; 0.13
108; 319; 318; 0.03
108; 318; 327; 0.49
108; 327; 326; 0.15
108; 326; 273; 0.63
108; 273; 274; 0.01
108; 274; 431; 0.12
108; 431; 437; 0.03
108; 437; 423; 0.28
108; 423; 439; 0.06
108; 439; 409; 0.54
111; 872; 391; 0.11
111; 391; 871; 0.22
111; 871; 407; 0.05
111; 407; 873; 0.11
111; 873; 394; 0.02
111; 394; 403; 0.10
111; 403; 404; 0.04
111; 404; 408; 0.16
111; 408; 390; 0.03
111; 390; 874; 0.15
111; 874; 875; 0.01
111; 875; 398; 0.18
111; 398; 399; 0.03
111; 399; 548; 0.19
111; 548; 549; 0.01
111; 549; 570; 0.82
111; 570; 564; 0.91
111; 564; 551; 0.15
111; 551; 565; 0.15
111; 565; 553; 0.34
111; 553; 552; 0.18
111; 552; 554; 0.18
111; 554; 540; 0.09
111; 540; 567; 0.14
111; 567; 919; 0.54
111; 919; 533; 0.47
111; 533; 920; 0.37
111; 920; 566; 0.23
111; 566; 534; 0.15
111; 534; 531; 0.12
111; 531; 539; 0.22
111; 539; 532; 0.05
111; 532; 530; 0.32
111; 530; 504; 0.09
111; 504; 517; 0.03
111; 517; 310; 0.28
111; 310; 925; 0.41
111; 925; 521; 0.10
111; 521; 505; 0.52
111; 505; 501; 0.26
111; 501; 1025; 0.48
112; 704; 717; 0.38
112; 717; 716; 0.03
112; 716; 726; 0.29
112; 726; 727; 0.02
112; 727; 722; 0.57
112; 722; 723; 0.03
112; 723; 751; 0.42
112; 751; 762; 0.40
112; 762; 756; 0.04
112; 756; 208; 0.70
112; 208; 797; 0.16
112; 797; 191; 0.30
112; 191; 795; 0.02
112; 795; 796; 0.17
112; 796; 828; 0.15
112; 828; 830; 0.58
112; 830; 832; 0.02
112; 832; 827; 0.24
112; 827; 831; 0.52
112; 831; 266; 0.57
112; 266; 829; 0.57
112; 829; 272; 0.80
112; 272; 271; 0.02
112; 271; 380; 0.63
112; 380; 381; 0.06
112; 381; 989; 0.29
112; 989; 869; 0.12
112; 869; 541; 0.42
112; 541; 542; 0.01
112; 542; 503; 0.41
112; 503; 516; 0.01
112; 516; 543; 0.15
112; 543; 10; 0.02
112; 10; 540; 0.28
112; 540; 518; 0.37
112; 518; 538; 0.28
112; 538; 310; 0.49
112; 310; 521; 0.32
112; 521; 505; 0.52
112; 505; 501; 0.26
112; 501; 577; 0.51
114; 946; 590; 0.14
114; 590; 591; 0.46
114; 591; 592; 0.05
114; 592; 173; 1.07
114; 173; 174; 0.02
114; 174; 175; 0.59
114; 175; 176; 0.08
114; 176; 950; 0.66
114; 950; 177; 0.85
114; 177; 178; 0.01
114; 178; 947; 1.07
114; 947; 792; 0.49
114; 792; 710; 0.26
114; 710; 807; 0.58
114; 807; 818; 0.39
114; 818; 823; 0.36
114; 823; 952; 0.70
114; 952; 954; 0.07
114; 954; 1002; 0.15
114; 1002; 977; 0.08
114; 977; 986; 0.38
114; 986; 983; 0.03
114; 983; 354; 0.46
114; 354; 353; 0.02
114; 353; 863; 0.31
114; 863; 856; 0.11
114; 856; 857; 0.12
114; 857; 367; 0.36
114; 367; 333; 0.38
114; 333; 846; 0.15
114; 846; 845; 0.02
114; 845; 330; 0.20
114; 330; 364; 0.40
114; 364; 33; 0.44
114; 33; 32; 0.05
114; 32; 60; 0.26
114; 60; 61; 0.03
114; 61; 64; 0.21
114; 64; 63; 0.02
114; 63; 62; 0.17
114; 62; 58; 0.04
114; 58; 57; 0.21
114; 57; 59; 0.03
114; 59; 654; 0.25
114; 654; 81; 0.35
115; 320; 324; 0.19
115; 324; 325; 0.02
115; 325; 317; 0.27
115; 317; 319; 0.13
115; 319; 318; 0.03
115; 318; 327; 0.49
115; 327; 326; 0.15
115; 326; 273; 0.63
115; 273; 274; 0.01
115; 274; 431; 0.12
115; 431; 437; 0.03
115; 437; 411; 1.17
115; 411; 442; 0.02
115; 442; 421; 0.15
115; 421; 420; 0.02
115; 420; 432; 0.90
115; 432; 413; 1.18
115; 413; 429; 0.84
115; 429; 428; 0.02
115; 428; 418; 0.88
115; 418; 439; 1.38
115; 439; 424; 0.33
115; 424; 436; 0.55
115; 436; 435; 0.01
115; 435; 415; 0.51
115; 415; 414; 0.02
115; 414; 426; 0.77
115; 426; 427; 0.01
115; 427; 425; 0.46
115; 425; 412; 1.26
115; 412; 1008; 0.02
115; 1008; 401; 0.41
115; 401; 402; 0.01
115; 402; 441; 0.40
115; 441; 564; 0.90
115; 564; 551; 0.15
115; 551; 565; 0.15
115; 565; 562; 0.55
115; 562; 553; 0.89
115; 553; 552; 0.18
115; 552; 558; 0.59
115; 558; 554; 0.77
115; 554; 563; 0.48
115; 563; 540; 0.57
115; 540; 1006; 0.63
115; 1006; 934; 0.68
115; 934; 518; 0.29
115; 518; 568; 0.44
115; 568; 310; 0.74
115; 310; 535; 0.51
115; 535; 521; 0.82
115; 521; 505; 0.52
115; 505; 501; 0.26
115; 501; 577; 0.51
116; 524; 987; 0.05
116; 987; 569; 0.31
116; 569; 1011; 0.04
116; 1011; 555; 0.20
116; 555; 525; 0.03
116; 525; 546; 0.38
116; 546; 547; 0.03
116; 547; 935; 0.23
116; 935; 545; 0.02
117; 124; 123; 0.03
117; 123; 117; 0.23
117; 117; 116; 0.04
117; 116; 119; 0.19
117; 119; 118; 0.02
117; 118; 120; 0.16
117; 120; 121; 0.02
117; 121; 122; 0.15
117; 122; 141; 0.01
117; 141; 143; 0.10
117; 143; 142; 0.02
117; 142; 139; 0.18
117; 139; 140; 0.01
117; 140; 137; 0.54
117; 137; 138; 0.03
117; 138; 770; 0.37
117; 770; 767; 0.10
117; 767; 779; 0.10
117; 779; 766; 0.26
117; 766; 691; 0.02
117; 691; 774; 0.32
117; 774; 773; 0.01
117; 773; 765; 0.50
117; 765; 764; 0.02
117; 764; 768; 0.10
117; 768; 769; 0.01
117; 769; 781; 0.67
117; 781; 785; 0.01
117; 785; 771; 0.74
117; 771; 787; 0.01
117; 787; 217; 0.44
117; 217; 218; 0.02
117; 218; 216; 0.24
117; 216; 215; 0.05
117; 215; 214; 0.28
117; 214; 452; 0.42
117; 452; 322; 0.20
117; 322; 321; 0.06
117; 321; 320; 0.19
117; 320; 317; 0.07
117; 317; 319; 0.13
117; 319; 318; 0.03
117; 318; 299; 0.24
117; 299; 273; 0.19
117; 273; 274; 0.01
117; 274; 444; 0.37
117; 444; 446; 0.25
117; 446; 445; 0.25
117; 445; 448; 0.26
117; 448; 431; 0.72
117; 431; 437; 0.03
117; 437; 423; 0.28
117; 423; 447; 0.70
117; 447; 439; 0.71
117; 439; 449; 0.29
117; 449; 450; 0.02
117; 450; 88; 0.35
117; 88; 419; 0.04
117; 419; 409; 0.31
119; 97; 98; 0.02
119; 98; 99; 0.23
119; 99; 707; 0.01
119; 707; 717; 0.25
119; 717; 716; 0.03
119; 716; 726; 0.29
119; 726; 727; 0.02
119; 727; 725; 0.30
119; 725; 132; 0.11
119; 132; 722; 0.84
119; 722; 723; 0.03
119; 723; 130; 0.62
119; 130; 731; 0.02
119; 731; 749; 0.21
119; 749; 750; 0.05
119; 750; 752; 0.55
119; 752; 751; 0.01
119; 751; 775; 0.54
119; 775; 776; 0.01
119; 776; 777; 0.32
119; 777; 778; 0.01
119; 778; 748; 1.19
119; 748; 757; 0.05
119; 757; 762; 0.06
119; 762; 756; 0.04
119; 756; 782; 1.39
119; 782; 786; 0.09
119; 786; 784; 0.03
119; 784; 772; 0.08
119; 772; 783; 0.11
119; 783; 694; 0.89
119; 694; 213; 0.12
119; 213; 259; 0.23
119; 259; 222; 0.25
119; 222; 109; 0.21
119; 109; 108; 0.03
119; 108; 257; 0.20
119; 257; 258; 0.02
119; 258; 276; 0.24
119; 276; 277; 0.02
119; 277; 287; 0.19
119; 287; 1004; 0.03
119; 1004; 290; 0.32
119; 290; 289; 0.15
119; 289; 288; 0.15
119; 288; 388; 0.14
119; 388; 387; 0.20
119; 387; 386; 0.02
119; 386; 385; 0.30
119; 385; 389; 0.10
119; 389; 441; 0.34
119; 441; 1018; 0.49
122; 746; 747; 0.19
122; 747; 165; 0.18
122; 165; 163; 0.15
122; 163; 164; 0.01
122; 164; 761; 0.34
122; 761; 760; 0.01
122; 760; 759; 0.16
122; 759; 758; 0.04
122; 758; 166; 0.24
122; 166; 204; 0.09
122; 204; 203; 0.01
122; 203; 198; 0.21
122; 198; 199; 0.04
122; 199; 207; 0.18
122; 207; 212; 0.17
122; 212; 206; 0.17
122; 206; 201; 0.14
122; 201; 200; 0.14
122; 200; 202; 0.15
122; 202; 211; 0.06
122; 211; 194; 0.30
122; 194; 195; 0.01
122; 195; 197; 0.15
122; 197; 196; 0.06
122; 196; 189; 0.42
122; 189; 188; 0.02
122; 188; 269; 0.21
122; 269; 268; 0.02
122; 268; 830; 0.31
122; 830; 832; 0.02
122; 832; 827; 0.24
122; 827; 831; 0.52
122; 831; 266; 0.57
122; 266; 829; 0.57
122; 829; 282; 0.24
122; 282; 283; 0.05
122; 283; 281; 0.30
122; 281; 294; 0.02
122; 294; 378; 0.35
122; 378; 989; 0.33
122; 989; 869; 0.12
122; 869; 541; 0.42
122; 541; 542; 0.01
122; 542; 503; 0.41
122; 503; 516; 0.01
122; 516; 543; 0.15
122; 543; 10; 0.02
122; 10; 540; 0.28
122; 540; 540; 0.00
122; 540; 538; 0.41
122; 538; 310; 0.49
122; 310; 310; 0.00
122; 310; 925; 0.41
122; 925; 521; 0.10
122; 521; 521; 0.00
122; 521; 505; 0.52
122; 505; 505; 0.00
122; 505; 501; 0.26
122; 501; 501; 0.00
122; 501; 1025; 0.48
125; 97; 98; 0.02
125; 98; 717; 0.28
125; 717; 716; 0.03
125; 716; 726; 0.29
125; 726; 727; 0.02
125; 727; 730; 0.53
125; 730; 133; 0.02
125; 133; 722; 0.94
125; 722; 723; 0.03
125; 723; 721; 0.70
125; 721; 753; 0.04
125; 753; 749; 0.24
125; 749; 750; 0.05
125; 750; 748; 0.33
125; 748; 757; 0.05
125; 757; 761; 0.70
125; 761; 760; 0.01
125; 760; 759; 0.16
125; 759; 758; 0.04
125; 758; 166; 0.24
125; 166; 204; 0.09
125; 204; 203; 0.01
125; 203; 198; 0.21
125; 198; 199; 0.04
125; 199; 209; 0.46
125; 209; 210; 0.03
125; 210; 207; 0.31
125; 207; 797; 0.44
125; 797; 191; 0.30
125; 191; 795; 0.02
125; 795; 796; 0.17
125; 796; 828; 0.15
125; 828; 287; 0.56
125; 287; 1004; 0.03
125; 1004; 290; 0.32
125; 290; 289; 0.15
125; 289; 288; 0.15
125; 288; 388; 0.14
125; 388; 387; 0.20
125; 387; 386; 0.02
125; 386; 385; 0.30
125; 385; 389; 0.10
125; 389; 440; 0.32
125; 440; 558; 0.47
129; 198; 209; 0.44
129; 209; 210; 0.03
129; 210; 207; 0.31
129; 207; 206; 0.02
129; 206; 200; 0.07
129; 200; 797; 0.42
129; 797; 202; 0.37
129; 202; 211; 0.06
129; 211; 191; 0.40
129; 191; 795; 0.02
129; 795; 194; 0.28
129; 194; 195; 0.01
129; 195; 197; 0.15
129; 197; 796; 0.39
129; 796; 196; 0.34
129; 196; 189; 0.42
129; 189; 188; 0.02
129; 188; 828; 0.82
129; 828; 269; 0.89
129; 269; 268; 0.02
129; 268; 827; 0.08
129; 827; 266; 0.05
129; 266; 287; 1.26
129; 287; 1004; 0.03
129; 1004; 290; 0.32
129; 290; 279; 0.23
129; 279; 289; 0.28
129; 289; 288; 0.15
129; 288; 388; 0.14
129; 388; 387; 0.20
129; 387; 386; 0.02
129; 386; 385; 0.30
129; 385; 389; 0.10
129; 389; 440; 0.32
129; 440; 558; 0.47
158; 219; 220; 0.20
158; 220; 221; 0.03
158; 221; 300; 0.18
158; 300; 301; 0.02
158; 301; 308; 0.52
158; 308; 307; 0.14
158; 307; 320; 0.35
158; 320; 317; 0.07
158; 317; 833; 1.20
158; 833; 826; 2.49
158; 826; 1005; 2.15
158; 1005; 302; 0.31
158; 302; 319; 1.17
158; 319; 304; 0.81
158; 304; 311; 0.63
158; 311; 318; 0.19
158; 318; 303; 0.85
158; 303; 299; 0.61
158; 299; 306; 1.18
158; 306; 297; 0.62
158; 297; 305; 0.37
158; 305; 316; 0.62
158; 316; 296; 0.71
158; 296; 273; 0.40
158; 273; 274; 0.01
158; 274; 396; 1.95
158; 396; 397; 0.02
158; 397; 884; 1.83
158; 884; 437; 0.03
158; 437; 388; 1.77
158; 388; 433; 1.14
158; 433; 434; 0.10
158; 434; 380; 2.32
158; 380; 405; 0.87
158; 405; 381; 0.82
158; 381; 406; 0.83
158; 406; 411; 0.83
158; 411; 442; 0.02
158; 442; 421; 0.15
158; 421; 872; 1.38
158; 872; 420; 1.37
158; 420; 387; 0.75
158; 387; 386; 0.02
158; 386; 413; 0.45
158; 413; 443; 0.71
158; 443; 423; 0.62
158; 423; 391; 2.32
158; 391; 418; 0.93
158; 418; 395; 0.73
158; 395; 400; 0.01
158; 400; 439; 2.12
158; 439; 430; 0.69
158; 430; 436; 0.19
158; 436; 435; 0.01
158; 435; 449; 1.15
158; 449; 450; 0.02
158; 450; 438; 0.51
158; 438; 415; 1.13
158; 415; 414; 0.02
158; 414; 426; 0.77
158; 426; 427; 0.01
158; 427; 385; 1.07
158; 385; 88; 1.61
158; 88; 419; 0.04
158; 419; 389; 1.54
158; 389; 412; 0.24
158; 412; 1008; 0.02
158; 1008; 401; 0.41
158; 401; 402; 0.01
158; 402; 410; 1.86
158; 410; 275; 0.04
158; 275; 440; 1.52
158; 440; 558; 0.47
158; 558; 298; 999.9
162; 629; 626; 0.02
162; 626; 630; 0.28
16